state_county,num_post_offices,fips
AK, Aleutians East,4,02013
AK, Aleutians West,2,02016
AK, Anchorage,10,02020
AK, Bethel,20,02050
AK, Bristol Bay,4,02060
AK, Central,2,NA
AK, Denali,4,02068
AK, Dillingham,8,02070
AK, Fairbanks N Star,12,NA
AK, Haines,4,02100
AK, Juneau,2,02110
AK, Kenai Peninsula,14,02122
AK, Ketchikan Gtwy N,2,NA
AK, Kodiak Island,8,02150
AK, Lake Peninsula,6,NA
AK, Matanuskasusitna,10,NA
AK, Nome,10,02180
AK, North Slope,8,02185
AK, Northwest Arctic,18,02188
AK, Prince Of Wales-Outer Ketchikan,4,NA
AK, Prwales Otrketch,4,NA
AK, Se Fairbanks,8,NA
AK, Sitka,2,02220
AK, Valdez-Cordova,8,02261
AK, Wade Hampton,2,02270
AK, Wrangell Ptrsbrg,4,NA
AK, Wrangell-Petersburg,2,02280
AK, Yukon-Koyukuk,26,02290
AL, Autauga,4,01001
AL, Baldwin,8,01003
AL, Barbour,2,01005
AL, Blount,2,01009
AL, Bullock,2,01011
AL, Butler,4,01013
AL, Calhoun,10,01015
AL, Chambers,2,01017
AL, Chilton,4,01021
AL, Clarke,2,01025
AL, Coffee,2,01031
AL, Colbert,4,01033
AL, Conecuh,2,01035
AL, Coosa,4,01037
AL, Covington,2,01039
AL, Crenshaw,2,01041
AL, Cullman,4,01043
AL, Dale,4,01045
AL, Dallas,4,01047
AL, De Kalb,4,01049
AL, Elmore,2,01051
AL, Escambia,4,01053
AL, Etowah,2,01055
AL, Fayette,2,01057
AL, Franklin,2,01059
AL, Greene,4,01063
AL, Hale,2,01065
AL, Jackson,6,01071
AL, Jefferson,22,01073
AL, Lauderdale,4,01077
AL, Lee,4,01081
AL, Limestone,4,01083
AL, Madison,2,01089
AL, Marengo,4,01091
AL, Marion,2,01093
AL, Marshall,4,01095
AL, Mobile,10,01097
AL, Monroe,2,01099
AL, Morgan,4,01103
AL, Perry,2,01105
AL, Pickens,2,01107
AL, Pike,2,01109
AL, Russell,2,01113
AL, Shelby,10,01117
AL, St. Clair,4,01115
AL, Sumter,2,01119
AL, Talladega,2,01121
AL, Tallapoosa,2,01123
AL, Tuscaloosa,6,01125
AL, Walker,2,01127
AL, Washington,2,01129
AL, Winston,2,01133
AR, Arkansas,2,05001
AR, Ashley,2,05003
AR, Baxter,2,05005
AR, Benton,10,05007
AR, Boone,8,05009
AR, Calhoun,2,05013
AR, Carroll,4,05015
AR, Chicot,2,05017
AR, Clay,2,05021
AR, Cleburne,2,05023
AR, Columbia,2,05027
AR, Craighead,2,05031
AR, Crawford,2,05033
AR, Crittenden,4,05035
AR, Cross,2,05037
AR, Drew,2,05043
AR, Faulkner,2,05045
AR, Garland,6,05051
AR, Greene,2,05055
AR, Hempstead,2,05057
AR, Hot Spring,2,05059
AR, Howard,2,05061
AR, Izard,2,05065
AR, Johnson,2,05071
AR, Lawrence,2,05075
AR, Lincoln,2,05079
AR, Logan,2,05083
AR, Lonoke,4,05085
AR, Mississippi,2,05093
AR, Monroe,4,05095
AR, Nevada,2,05099
AR, Ouachita,6,05103
AR, Phillips,2,05107
AR, Pope,2,05115
AR, Pulaski,10,05119
AR, Randolph,2,05121
AR, Saline,2,05125
AR, Sevier,2,05133
AR, St. Francis,4,05123
AR, Stone,2,05137
AR, Union,2,05139
AR, Washington,2,05143
AR, White,4,05145
AR, Woodruff,2,05147
AR, Yell,2,05149
AZ, Apache,14,04001
AZ, Cochise,10,04003
AZ, Coconino,16,04005
AZ, Gila,8,04007
AZ, Graham,4,04009
AZ, Maricopa,22,04013
AZ, Mohave,10,04015
AZ, Navajo,14,04017
AZ, Pima,4,04019
AZ, Pinal,8,04021
AZ, Santa Cruz,2,04023
AZ, Yavapai,12,04025
AZ, Yuma,6,04027
CA, Alameda,16,06001
CA, Amador,4,06005
CA, Butte,6,06007
CA, Calaveras,2,06009
CA, Colusa,2,06011
CA, Contra Costa,26,06013
CA, El Dorado,6,06017
CA, Fresno,12,06019
CA, Glenn,2,06021
CA, Humboldt,6,06023
CA, Imperial,6,06025
CA, Inyo,4,06027
CA, Kern,12,06029
CA, Kings,4,06031
CA, Lake,6,06033
CA, Lassen,8,06035
CA, Los Angeles,118,06037
CA, Madera,6,06039
CA, Marin,10,06041
CA, Mariposa,6,06043
CA, Mendocino,2,06045
CA, Merced,8,06047
CA, Mono,2,06051
CA, Monterey,16,06053
CA, Napa,4,06055
CA, Nevada,2,06057
CA, Orange,32,06059
CA, Placer,8,06061
CA, Plumas,2,06063
CA, Riverside,32,06065
CA, Sacramento,24,06067
CA, San Benito,2,06069
CA, San Bernardino,40,06071
CA, San Diego,48,06073
CA, San Joaquin,8,06077
CA, San Luis Obispo,8,06079
CA, San Mateo,10,06081
CA, Santa Barbara,4,06083
CA, Santa Clara,16,06085
CA, Santa Cruz,10,06087
CA, Shasta,4,06089
CA, Siskiyou,2,06093
CA, Solano,10,06095
CA, Sonoma,10,06097
CA, Stanislaus,10,06099
CA, Sutter,2,06101
CA, Tehama,2,06103
CA, Tulare,8,06107
CA, Tuolumne,6,06109
CA, Ventura,12,06111
CA, Yolo,4,06113
CA, Yuba,6,06115
CO, Adams,6,08001
CO, Alamosa,8,08003
CO, Arapahoe,4,08005
CO, Archuleta,4,08007
CO, Baca,2,08009
CO, Bent,2,08011
CO, Boulder,10,08013
CO, Chaffee,6,08015
CO, Cheyenne,2,08017
CO, Conejos,4,08021
CO, Costilla,2,08023
CO, Delta,4,08029
CO, Denver,2,08031
CO, Douglas,4,08035
CO, Eagle,14,08037
CO, El Paso,8,08041
CO, Fremont,6,08043
CO, Garfield,8,08045
CO, Gilpin,4,08047
CO, Gunnison,6,08051
CO, Huerfano,2,08055
CO, Jefferson,10,08059
CO, Kit Carson,2,08063
CO, La Plata,4,08067
CO, Lake,2,08065
CO, Larimer,10,08069
CO, Las Animas,2,08071
CO, Lincoln,2,08073
CO, Logan,4,08075
CO, Mesa,6,08077
CO, Moffat,4,08081
CO, Montezuma,2,08083
CO, Montrose,4,08085
CO, Morgan,8,08087
CO, Otero,4,08089
CO, Ouray,2,08091
CO, Park,4,08093
CO, Phillips,2,08095
CO, Pitkin,4,08097
CO, Prowers,6,08099
CO, Pueblo,2,08101
CO, Rio Grande,2,08105
CO, Routt,4,08107
CO, San Miguel,2,08113
CO, Sedgwick,4,08115
CO, Summit,4,08117
CO, Teller,4,08119
CO, Weld,4,08123
CO, Yuma,4,08125
CT, Fairfield,16,09001
CT, Hartford,22,09003
CT, Litchfield,12,09005
CT, Middlesex,8,09007
CT, New Haven,24,09009
CT, New London,12,09011
CT, Tolland,6,09013
CT, Windham,6,09015
DE, Kent,8,10001
DE, New Castle,10,10003
DE, Sussex,20,10005
FL, Bay,2,12005
FL, Bradford,2,12007
FL, Brevard,6,12009
FL, Broward,6,12011
FL, Charlotte,4,12015
FL, Citrus,8,12017
FL, Clay,2,12019
FL, Collier,2,12021
FL, Columbia,2,12023
FL, Dade,4,12025
FL, De Soto,2,12027
FL, Dixie,2,12029
FL, Escambia,2,12033
FL, Franklin,2,12037
FL, Gadsden,2,12039
FL, Hamilton,4,12047
FL, Hardee,2,12049
FL, Hendry,4,12051
FL, Hernando,2,12053
FL, Highlands,6,12055
FL, Hillsborough,10,12057
FL, Indian River,4,12061
FL, Jackson,2,12063
FL, Jefferson,2,12065
FL, Lake,8,12069
FL, Lee,10,12071
FL, Leon,8,12073
FL, Levy,2,12075
FL, Madison,2,12079
FL, Manatee,10,12081
FL, Marion,6,12083
FL, Martin,10,12085
FL, Monroe,6,12087
FL, Nassau,4,12089
FL, Okaloosa,8,12091
FL, Okeechobee,2,12093
FL, Orange,12,12095
FL, Osceola,4,12097
FL, Palm Beach,10,12099
FL, Pasco,12,12101
FL, Pinellas,10,12103
FL, Polk,14,12105
FL, Putnam,4,12107
FL, Santa Rosa,4,12113
FL, Sarasota,10,12115
FL, Seminole,12,12117
FL, St. Johns,4,12109
FL, St. Lucie,2,12111
FL, Suwannee,4,12121
FL, Taylor,2,12123
FL, Volusia,14,12127
FL, Wakulla,2,12129
FL, Walton,4,12131
GA, Atkinson,2,13003
GA, Baldwin,2,13009
GA, Barrow,4,13013
GA, Bartow,4,13015
GA, Bibb,4,13021
GA, Bleckley,2,13023
GA, Brooks,2,13027
GA, Bryan,2,13029
GA, Bulloch,2,13031
GA, Burke,2,13033
GA, Camden,2,13039
GA, Carroll,2,13045
GA, Catoosa,2,13047
GA, Chatham,4,13051
GA, Chattooga,2,13055
GA, Cherokee,4,13057
GA, Clayton,6,13063
GA, Cobb,10,13067
GA, Coffee,2,13069
GA, Colquitt,4,13071
GA, Columbia,4,13073
GA, Coweta,4,13077
GA, Crisp,2,13081
GA, De Kalb,12,13089
GA, Decatur,2,13087
GA, Dodge,2,13091
GA, Dougherty,6,13095
GA, Douglas,2,13097
GA, Early,4,13099
GA, Effingham,4,13103
GA, Elbert,2,13105
GA, Emanuel,2,13107
GA, Fannin,2,13111
GA, Fayette,2,13113
GA, Floyd,2,13115
GA, Forsyth,2,13117
GA, Fulton,2,13121
GA, Gilmer,2,13123
GA, Gordon,4,13129
GA, Greene,2,13133
GA, Gwinnett,18,13135
GA, Hall,4,13139
GA, Hancock,2,13141
GA, Hart,2,13147
GA, Henry,4,13151
GA, Houston,2,13153
GA, Jackson,2,13157
GA, Jasper,2,13159
GA, Jefferson,2,13163
GA, Jenkins,2,13165
GA, Johnson,2,13167
GA, Lamar,2,13171
GA, Laurens,6,13175
GA, Lee,2,13177
GA, Liberty,2,13179
GA, Macon,2,13193
GA, Mcduffie,2,NA
GA, Mcintosh,2,NA
GA, Meriwether,4,13199
GA, Mitchell,6,13205
GA, Monroe,2,13207
GA, Montgomery,2,13209
GA, Morgan,4,13211
GA, Murray,4,13213
GA, Newton,2,13217
GA, Oglethorpe,2,13221
GA, Paulding,2,13223
GA, Peach,2,13225
GA, Pickens,2,13227
GA, Pierce,2,13229
GA, Polk,4,13233
GA, Pulaski,2,13235
GA, Putnam,2,13237
GA, Randolph,2,13243
GA, Richmond,2,13245
GA, Rockdale,2,13247
GA, Screven,2,13251
GA, Spalding,2,13255
GA, Stephens,2,13257
GA, Sumter,4,13261
GA, Talbot,2,13263
GA, Tattnall,4,13267
GA, Telfair,2,13271
GA, Terrell,2,13273
GA, Tift,2,13277
GA, Toombs,6,13279
GA, Troup,4,13285
GA, Turner,2,13287
GA, Upson,2,13293
GA, Walker,4,13295
GA, Walton,2,13297
GA, Warren,4,13301
GA, Washington,2,13303
GA, White,2,13311
GU, Guam,4,66010
HI, Hawaii,18,15001
HI, Honolulu,12,15003
HI, Kauai,6,15007
HI, Maui,12,15009
IA, Adams,4,19003
IA, Allamakee,2,19005
IA, Appanoose,2,19007
IA, Audubon,2,19009
IA, Benton,4,19011
IA, Black Hawk,2,19013
IA, Boone,2,19015
IA, Bremer,2,19017
IA, Buchanan,4,19019
IA, Buena Vista,4,19021
IA, Calhoun,2,19025
IA, Carroll,6,19027
IA, Cass,2,19029
IA, Cedar,2,19031
IA, Cerro Gordo,6,19033
IA, Chickasaw,2,19037
IA, Clarke,2,19039
IA, Clay,6,19041
IA, Clinton,2,19045
IA, Crawford,2,19047
IA, Dallas,4,19049
IA, Davis,4,19051
IA, Decatur,6,19053
IA, Delaware,4,19055
IA, Des Moines,4,19057
IA, Emmet,2,19063
IA, Fayette,6,19065
IA, Floyd,2,19067
IA, Franklin,2,19069
IA, Fremont,2,19071
IA, Greene,2,19073
IA, Grundy,2,19075
IA, Hamilton,4,19079
IA, Hardin,4,19083
IA, Harrison,4,19085
IA, Henry,2,19087
IA, Howard,2,19089
IA, Ida,4,19093
IA, Iowa,2,19095
IA, Jackson,4,19097
IA, Jasper,4,19099
IA, Jefferson,2,19101
IA, Jones,4,19105
IA, Keokuk,4,19107
IA, Kossuth,2,19109
IA, Lee,6,19111
IA, Linn,12,19113
IA, Louisa,2,19115
IA, Lucas,2,19117
IA, Lyon,2,19119
IA, Madison,2,19121
IA, Mahaska,2,19123
IA, Marion,6,19125
IA, Marshall,2,19127
IA, Mills,2,19129
IA, Mitchell,4,19131
IA, Monona,2,19133
IA, Monroe,2,19135
IA, Montgomery,4,19137
IA, Muscatine,2,19139
IA, Obrien,2,NA
IA, Osceola,2,19143
IA, Page,2,19145
IA, Palo Alto,2,19147
IA, Plymouth,2,19149
IA, Pocahontas,4,19151
IA, Polk,4,19153
IA, Pottawattamie,2,19155
IA, Poweshiek,4,19157
IA, Ringgold,2,19159
IA, Sac,2,19161
IA, Scott,4,19163
IA, Shelby,2,19165
IA, Sioux,2,19167
IA, Story,4,19169
IA, Union,6,19175
IA, Van Buren,2,19177
IA, Wapello,2,19179
IA, Warren,4,19181
IA, Washington,6,19183
IA, Wayne,2,19185
IA, Webster,2,19187
IA, Winnebago,6,19189
IA, Winneshiek,2,19191
IA, Woodbury,4,19193
IA, Wright,2,19197
ID, Ada,8,16001
ID, Bingham,4,16011
ID, Blaine,6,16013
ID, Bonner,2,16017
ID, Bonneville,2,16019
ID, Boundary,2,16021
ID, Canyon,6,16027
ID, Cassia,2,16031
ID, Clearwater,2,16035
ID, Franklin,2,16041
ID, Fremont,2,16043
ID, Gem,2,16045
ID, Idaho,2,16049
ID, Jerome,2,16053
ID, Kootenai,6,16055
ID, Latah,4,16057
ID, Lemhi,2,16059
ID, Madison,2,16065
ID, Owyhee,2,16073
ID, Payette,2,16075
ID, Shoshone,4,16079
ID, Twin Falls,2,16083
ID, Valley,2,16085
ID, Washington,2,16087
IL, Adams,2,17001
IL, Alexander,2,17003
IL, Bond,4,17005
IL, Boone,4,17007
IL, Brown,2,17009
IL, Bureau,12,17011
IL, Calhoun,2,17013
IL, Carroll,6,17015
IL, Cass,2,17017
IL, Champaign,8,17019
IL, Christian,6,17021
IL, Clark,2,17023
IL, Clay,2,17025
IL, Clinton,6,17027
IL, Coles,6,17029
IL, Cook,84,17031
IL, Crawford,2,17033
IL, De Kalb,12,NA
IL, De Witt,2,17039
IL, Douglas,2,17041
IL, Du Page,36,NA
IL, Edgar,2,17045
IL, Edwards,2,17047
IL, Fayette,2,17051
IL, Ford,4,17053
IL, Franklin,6,17055
IL, Fulton,6,17057
IL, Greene,4,17061
IL, Grundy,2,17063
IL, Hamilton,4,17065
IL, Hancock,4,17067
IL, Henderson,2,17071
IL, Henry,2,17073
IL, Iroquois,2,17075
IL, Jackson,6,17077
IL, Jasper,2,17079
IL, Jefferson,2,17081
IL, Jersey,2,17083
IL, Jo Daviess,4,17085
IL, Johnson,4,17087
IL, Kane,18,17089
IL, Kankakee,8,17091
IL, Kendall,6,17093
IL, Knox,6,17095
IL, La Salle,14,17099
IL, Lake,34,17097
IL, Lawrence,2,17101
IL, Lee,6,17103
IL, Livingston,4,17105
IL, Logan,2,17107
IL, Macon,2,17115
IL, Macoupin,8,17117
IL, Madison,14,17119
IL, Marion,6,17121
IL, Marshall,2,17123
IL, Mason,4,17125
IL, Massac,2,17127
IL, Mcdonough,4,NA
IL, Mchenry,14,NA
IL, Mclean,4,NA
IL, Menard,2,17129
IL, Mercer,4,17131
IL, Monroe,4,17133
IL, Montgomery,8,17135
IL, Morgan,2,17137
IL, Moultrie,2,17139
IL, Ogle,10,17141
IL, Peoria,4,17143
IL, Perry,2,17145
IL, Piatt,6,17147
IL, Pike,2,17149
IL, Randolph,4,17157
IL, Richland,2,17159
IL, Rock Island,8,17161
IL, Saline,6,17165
IL, Sangamon,4,17167
IL, Schuyler,2,17169
IL, Shelby,6,17173
IL, St. Clair,10,17163
IL, Stephenson,2,17177
IL, Tazewell,2,17179
IL, Union,2,17181
IL, Vermilion,6,17183
IL, Wabash,2,17185
IL, Warren,4,17187
IL, Washington,4,17189
IL, Wayne,2,17191
IL, White,4,17193
IL, Whiteside,10,17195
IL, Will,12,17197
IL, Williamson,4,17199
IL, Winnebago,6,17201
IN, Adams,6,18001
IN, Allen,6,18003
IN, Bartholomew,4,18005
IN, Benton,4,18007
IN, Blackford,2,18009
IN, Boone,8,18011
IN, Brown,4,18013
IN, Carroll,2,18015
IN, Cass,2,18017
IN, Clark,6,18019
IN, Clay,2,18021
IN, Clinton,4,18023
IN, Daviess,2,18027
IN, De Kalb,4,18033
IN, Dearborn,6,18029
IN, Decatur,2,18031
IN, Delaware,2,18035
IN, Dubois,2,18037
IN, Elkhart,6,18039
IN, Fayette,2,18041
IN, Floyd,2,18043
IN, Fountain,2,18045
IN, Franklin,2,18047
IN, Fulton,4,18049
IN, Gibson,10,18051
IN, Grant,4,18053
IN, Greene,6,18055
IN, Hamilton,10,18057
IN, Hancock,4,18059
IN, Harrison,6,18061
IN, Hendricks,8,18063
IN, Henry,10,18065
IN, Howard,4,18067
IN, Huntington,2,18069
IN, Jackson,8,18071
IN, Jasper,6,18073
IN, Jay,6,18075
IN, Jefferson,2,18077
IN, Jennings,2,18079
IN, Johnson,8,18081
IN, Kosciusko,2,18085
IN, La Porte,4,18091
IN, Lagrange,2,18087
IN, Lake,18,18089
IN, Lawrence,4,18093
IN, Madison,8,18095
IN, Marion,2,18097
IN, Marshall,4,18099
IN, Martin,6,18101
IN, Montgomery,2,18107
IN, Morgan,4,18109
IN, Noble,4,18113
IN, Orange,4,18117
IN, Owen,6,18119
IN, Parke,2,18121
IN, Perry,2,18123
IN, Porter,6,18127
IN, Posey,4,18129
IN, Putnam,2,18133
IN, Randolph,6,18135
IN, Ripley,2,18137
IN, Rush,2,18139
IN, Scott,2,18143
IN, Shelby,4,18145
IN, St. Joseph,8,18141
IN, Starke,2,18149
IN, Sullivan,2,18153
IN, Tipton,2,18159
IN, Union,2,18161
IN, Vanderburgh,6,18163
IN, Vermillion,2,18165
IN, Wabash,6,18169
IN, Warrick,8,18173
IN, Washington,4,18175
IN, Wayne,6,18177
IN, Wells,2,18179
IN, White,4,18181
IN, Whitley,2,18183
KS, Allen,2,20001
KS, Atchison,2,20005
KS, Barton,2,20009
KS, Bourbon,6,20011
KS, Brown,6,20013
KS, Butler,6,20015
KS, Chautauqua,2,20019
KS, Cherokee,6,20021
KS, Clay,2,20027
KS, Cloud,2,20029
KS, Coffey,4,20031
KS, Cowley,2,20035
KS, Crawford,4,20037
KS, Dickinson,4,20041
KS, Douglas,2,20045
KS, Ellis,6,20051
KS, Finney,2,20055
KS, Ford,6,20057
KS, Franklin,2,20059
KS, Geary,2,20061
KS, Greenwood,4,20073
KS, Harper,2,20077
KS, Harvey,6,20079
KS, Jackson,2,20085
KS, Jewell,2,20089
KS, Johnson,6,20091
KS, Kingman,4,20095
KS, Labette,4,20099
KS, Leavenworth,2,20103
KS, Linn,2,20107
KS, Lyon,2,20111
KS, Marion,6,20115
KS, Marshall,2,20117
KS, Mcpherson,4,NA
KS, Miami,2,20121
KS, Mitchell,4,20123
KS, Montgomery,12,20125
KS, Morris,2,20127
KS, Nemaha,4,20131
KS, Neosho,4,20133
KS, Norton,2,20137
KS, Osage,4,20139
KS, Pawnee,2,20145
KS, Pratt,2,20151
KS, Reno,8,20155
KS, Republic,2,20157
KS, Rice,4,20159
KS, Riley,2,20161
KS, Russell,2,20167
KS, Saline,6,20169
KS, Scott,2,20171
KS, Sedgwick,6,20173
KS, Seward,4,20175
KS, Shawnee,2,20177
KS, Sherman,2,20181
KS, Stevens,2,20189
KS, Sumner,4,20191
KS, Wabaunsee,6,20197
KS, Washington,2,20201
KS, Wichita,2,20203
KS, Wilson,4,20205
KY, Adair,2,21001
KY, Allen,2,21003
KY, Anderson,2,21005
KY, Barren,8,21009
KY, Bell,4,21013
KY, Boone,4,21015
KY, Bourbon,2,21017
KY, Boyd,4,21019
KY, Boyle,2,21021
KY, Bracken,2,21023
KY, Breathitt,2,21025
KY, Breckinridge,2,21027
KY, Bullitt,6,21029
KY, Caldwell,2,21033
KY, Calloway,2,21035
KY, Campbell,4,21037
KY, Carroll,4,21041
KY, Carter,4,21043
KY, Casey,2,21045
KY, Christian,2,21047
KY, Clark,2,21049
KY, Clay,2,21051
KY, Crittenden,4,21055
KY, Estill,2,21065
KY, Fleming,2,21069
KY, Floyd,2,21071
KY, Fulton,2,21075
KY, Garrard,4,21079
KY, Grant,2,21081
KY, Graves,6,21083
KY, Grayson,4,21085
KY, Hardin,12,21093
KY, Harlan,10,21095
KY, Harrison,2,21097
KY, Henderson,2,21101
KY, Hickman,2,21105
KY, Hopkins,2,21107
KY, Jackson,2,21109
KY, Jefferson,2,21111
KY, Jessamine,2,21113
KY, Johnson,2,21115
KY, Kenton,8,21117
KY, Knott,4,21119
KY, Knox,4,21121
KY, Laurel,6,21125
KY, Lawrence,2,21127
KY, Lee,2,21129
KY, Letcher,4,21133
KY, Lewis,2,21135
KY, Lincoln,2,21137
KY, Livingston,4,21139
KY, Logan,2,21141
KY, Madison,4,21151
KY, Marion,4,21155
KY, Marshall,2,21157
KY, Martin,4,21159
KY, Mason,2,21161
KY, Mccracken,6,NA
KY, Mclean,4,NA
KY, Meade,6,21163
KY, Menifee,2,21165
KY, Mercer,2,21167
KY, Metcalfe,2,21169
KY, Montgomery,2,21173
KY, Muhlenberg,4,21177
KY, Nelson,4,21179
KY, Nicholas,2,21181
KY, Pendleton,4,21191
KY, Perry,6,21193
KY, Pulaski,6,21199
KY, Rockcastle,4,21203
KY, Rowan,2,21205
KY, Russell,4,21207
KY, Scott,2,21209
KY, Shelby,2,21211
KY, Simpson,2,21213
KY, Taylor,2,21217
KY, Union,4,21225
KY, Warren,4,21227
KY, Washington,2,21229
KY, Wayne,2,21231
KY, Whitley,4,21235
KY, Wolfe,2,21237
KY, Woodford,2,21239
LA, Acadia,2,22001
LA, Allen,6,22003
LA, Ascension,6,22005
LA, Avoyelles,4,22009
LA, Beauregard,4,22011
LA, Bienville,2,22013
LA, Bossier,2,22015
LA, Caddo,4,22017
LA, Calcasieu,4,22019
LA, Claiborne,4,22027
LA, Concordia,2,22029
LA, East Baton Rouge,12,22033
LA, East Carroll,2,22035
LA, Evangeline,2,22039
LA, Franklin,2,22041
LA, Iberia,4,22045
LA, Iberville,4,22047
LA, Jefferson,10,22051
LA, Jefferson Davis,4,22053
LA, Lafayette,2,22055
LA, Lafourche,2,22057
LA, Lincoln,2,22061
LA, Livingston,2,22063
LA, Madison,2,22065
LA, Morehouse,2,22067
LA, Natchitoches,2,22069
LA, Ouachita,4,22073
LA, Rapides,12,22079
LA, Richland,2,22083
LA, Sabine,2,22085
LA, St. Bernard,4,22087
LA, St. John The Baptist,2,NA
LA, St. Landry,4,22097
LA, St. Martin,4,22099
LA, St. Tammany,6,22103
LA, Tangipahoa,2,22105
LA, Vermilion,4,22113
LA, Vernon,2,22115
LA, Washington,2,22117
LA, Webster,2,22119
LA, Winn,2,22127
MA, Arenac,2,NA
MA, Barnstable,10,25001
MA, Berkshire,8,25003
MA, Bristol,18,25005
MA, Dukes,4,25007
MA, Essex,30,25009
MA, Franklin,4,25011
MA, Hampden,16,25013
MA, Hampshire,10,25015
MA, Middlesex,28,25017
MA, Nantucket,2,25019
MA, Norfolk,22,25021
MA, Plymouth,22,25023
MA, Worcester,24,25027
MD, Allegany,12,24001
MD, Anne Arundel,12,24003
MD, Baltimore,8,24005
MD, Calvert,4,24009
MD, Caroline,4,24011
MD, Carroll,6,24013
MD, Cecil,8,24015
MD, Charles,12,24017
MD, Dorchester,12,24019
MD, Frederick,16,24021
MD, Garrett,4,24023
MD, Harford,12,24025
MD, Howard,8,24027
MD, Kent,6,24029
MD, Montgomery,14,24031
MD, Prince Georges,24,NA
MD, Queen Annes,4,NA
MD, Somerset,4,24039
MD, St. Marys,8,NA
MD, Talbot,6,24041
MD, Washington,4,24043
MD, Wicomico,6,24045
MD, Worcester,6,24047
ME, Androscoggin,4,23001
ME, Aroostook,10,23003
ME, Cumberland,16,23005
ME, Franklin,2,23007
ME, Hancock,6,23009
ME, Kennebec,6,23011
ME, Knox,4,23013
ME, Lincoln,2,23015
ME, Oxford,6,23017
ME, Penobscot,8,23019
ME, Piscataquis,2,23021
ME, Sagadahoc,2,23023
ME, Somerset,4,23025
ME, Waldo,2,23027
ME, Washington,8,23029
ME, York,14,23031
MI, Alcona,2,26001
MI, Alger,2,26003
MI, Allegan,6,26005
MI, Antrim,2,26009
MI, Barry,2,26015
MI, Bay,2,26017
MI, Benzie,2,26019
MI, Berrien,12,26021
MI, Branch,2,26023
MI, Calhoun,8,26025
MI, Cass,2,26027
MI, Charlevoix,4,26029
MI, Cheboygan,4,26031
MI, Chippewa,2,26033
MI, Clare,2,26035
MI, Clinton,4,26037
MI, Crawford,4,26039
MI, Delta,2,26041
MI, Dickinson,4,26043
MI, Eaton,6,26045
MI, Emmet,6,26047
MI, Genesee,16,26049
MI, Gogebic,4,26053
MI, Grand Traverse,2,26055
MI, Gratiot,4,26057
MI, Hillsdale,2,26059
MI, Houghton,8,26061
MI, Huron,2,26063
MI, Ingham,10,26065
MI, Ionia,4,26067
MI, Iosco,8,26069
MI, Iron,4,26071
MI, Isabella,2,26073
MI, Jackson,2,26075
MI, Kalamazoo,8,26077
MI, Kent,20,26081
MI, Lapeer,2,26087
MI, Lenawee,6,26091
MI, Livingston,8,26093
MI, Mackinac,2,26097
MI, Macomb,8,26099
MI, Marquette,8,26103
MI, Mason,2,26105
MI, Mecosta,2,26107
MI, Midland,2,26111
MI, Monroe,4,26115
MI, Montcalm,2,26117
MI, Muskegon,2,26121
MI, Newaygo,4,26123
MI, Oakland,40,26125
MI, Oceana,4,26127
MI, Osceola,2,26133
MI, Ottawa,12,26139
MI, Presque Isle,2,26141
MI, Sanilac,4,26151
MI, Schoolcraft,2,26153
MI, Shiawassee,4,26155
MI, St. Clair,6,26147
MI, St. Joseph,4,26149
MI, Van Buren,8,26159
MI, Wabasha,2,NA
MI, Washtenaw,10,26161
MI, Wayne,24,26163
MI, Wexford,2,26165
MN, Aitkin,2,27001
MN, Anoka,4,27003
MN, Becker,8,27005
MN, Beltrami,4,27007
MN, Blue Earth,2,27013
MN, Brown,2,27015
MN, Carlton,4,27017
MN, Clay,2,27027
MN, Cook,2,27031
MN, Cottonwood,2,27033
MN, Crow Wing,6,27035
MN, Dakota,4,27037
MN, Douglas,2,27041
MN, Fillmore,2,27045
MN, Freeborn,2,27047
MN, Goodhue,2,27049
MN, Hennepin,10,27053
MN, Houston,2,27055
MN, Hubbard,2,27057
MN, Isanti,2,27059
MN, Itasca,2,27061
MN, Koochiching,4,27071
MN, Lake,2,27075
MN, Lake Of The Woods,2,NA
MN, Le Sueur,4,27079
MN, Lyon,6,27083
MN, Marshall,4,27089
MN, Mcleod,4,NA
MN, Meeker,4,27093
MN, Morrison,8,27097
MN, Nicollet,4,27103
MN, Nobles,2,27105
MN, Norman,2,27107
MN, Otter Tail,2,27111
MN, Pennington,2,27113
MN, Pipestone,2,27117
MN, Polk,6,27119
MN, Redwood,4,27127
MN, Renville,2,27129
MN, Rice,6,27131
MN, Saint Louis,2,NA
MN, Scott,2,27139
MN, St. Louis,16,27137
MN, Stearns,4,27145
MN, Stevens,2,27149
MN, Todd,4,27153
MN, Traverse,2,27155
MN, Wabasha,4,27157
MN, Wadena,2,27159
MN, Waseca,2,27161
MN, Washington,4,27163
MN, Watonwan,2,27165
MN, Wilkin,2,27167
MN, Winona,4,27169
MN, Wright,2,27171
MN, Yellow Medicine,4,27173
MO, Adair,2,29001
MO, Andrew,6,29003
MO, Atchison,4,29005
MO, Audrain,4,29007
MO, Barry,6,29009
MO, Barton,2,29011
MO, Bates,4,29013
MO, Bollinger,2,29017
MO, Boone,4,29019
MO, Buchanan,6,29021
MO, Caldwell,6,29025
MO, Callaway,2,29027
MO, Cape Girardeau,10,29031
MO, Carroll,2,29033
MO, Cass,10,29037
MO, Cedar,2,29039
MO, Christian,4,29043
MO, Clinton,4,29049
MO, Cole,4,29051
MO, Cooper,2,29053
MO, Dallas,2,29059
MO, Daviess,2,29061
MO, Dent,4,29065
MO, Dunklin,4,29069
MO, Franklin,8,29071
MO, Gasconade,2,29073
MO, Greene,2,29077
MO, Grundy,2,29079
MO, Harrison,4,29081
MO, Henry,4,29083
MO, Howard,4,29089
MO, Jackson,12,29095
MO, Jasper,10,29097
MO, Jefferson,10,29099
MO, Johnson,2,29101
MO, Knox,4,29103
MO, Laclede,2,29105
MO, Lafayette,2,29107
MO, Lawrence,8,29109
MO, Lewis,2,29111
MO, Linn,4,29115
MO, Livingston,4,29117
MO, Macon,2,29121
MO, Madison,2,29123
MO, Maries,2,29125
MO, Marion,2,29127
MO, Mcdonald,2,NA
MO, Miller,4,29131
MO, Mississippi,4,29133
MO, Moniteau,2,29135
MO, Monroe,4,29137
MO, Montgomery,2,29139
MO, Morgan,2,29141
MO, Newton,2,29145
MO, Nodaway,4,29147
MO, Ozark,4,29153
MO, Pemiscot,2,29155
MO, Perry,4,29157
MO, Pettis,2,29159
MO, Phelps,2,29161
MO, Pike,6,29163
MO, Platte,2,29165
MO, Putnam,2,29171
MO, Randolph,2,29175
MO, Ray,4,29177
MO, Ripley,2,29181
MO, Saline,2,29195
MO, Scotland,2,29199
MO, Scott,4,29201
MO, Shelby,2,29205
MO, St. Charles,6,29183
MO, St. Francois,6,29187
MO, St. Louis,4,29189
MO, Ste. Genevieve,6,29186
MO, Stoddard,8,29207
MO, Taney,4,29213
MO, Vernon,2,29217
MO, Warren,6,29219
MO, Washington,2,29221
MO, Webster,2,29225
MO, Worth,4,29227
MO, Wright,4,29229
MP, Mariana Islands,2,NA
MS, Adams,2,28001
MS, Alcorn,2,28003
MS, Bolivar,2,28011
MS, Carroll,2,28015
MS, Chickasaw,4,28017
MS, Claiborne,2,28021
MS, Clay,4,28025
MS, Copiah,4,28029
MS, De Soto,4,NA
MS, Forrest,4,28035
MS, George,2,28039
MS, Grenada,6,28043
MS, Hancock,2,28045
MS, Harrison,2,28047
MS, Holmes,4,28051
MS, Humphreys,2,28053
MS, Itawamba,2,28057
MS, Jackson,4,28059
MS, Jasper,4,28061
MS, Jones,4,28067
MS, Lafayette,2,28071
MS, Lamar,2,28073
MS, Lauderdale,4,28075
MS, Leake,2,28079
MS, Lincoln,2,28085
MS, Madison,6,28089
MS, Marion,2,28091
MS, Marshall,2,28093
MS, Monroe,2,28095
MS, Montgomery,4,28097
MS, Neshoba,2,28099
MS, Newton,2,28101
MS, Noxubee,2,28103
MS, Oktibbeha,2,28105
MS, Panola,2,28107
MS, Pearl River,4,28109
MS, Perry,2,28111
MS, Pike,4,28113
MS, Pontotoc,2,28115
MS, Prentiss,2,28117
MS, Quitman,2,28119
MS, Rankin,2,28121
MS, Scott,2,28123
MS, Simpson,2,28127
MS, Smith,2,28129
MS, Sunflower,2,28133
MS, Tallahatchie,2,28135
MS, Tate,2,28137
MS, Tishomingo,4,28141
MS, Union,2,28145
MS, Walthall,2,28147
MS, Warren,2,28149
MS, Washington,2,28151
MS, Wayne,4,28153
MS, Webster,2,28155
MS, Winston,2,28159
MS, Yalobusha,2,28161
MS, Yazoo,2,28163
MT, Beaverhead,8,30001
MT, Big Horn,6,30003
MT, Blaine,2,30005
MT, Carbon,4,30009
MT, Carter,4,30011
MT, Cascade,4,30013
MT, Chouteau,4,30015
MT, Custer,6,30017
MT, Daniels,4,30019
MT, Dawson,4,30021
MT, Deer Lodge,2,30023
MT, Fallon,2,30025
MT, Fergus,4,30027
MT, Flathead,14,30029
MT, Gallatin,6,30031
MT, Garfield,2,30033
MT, Glacier,2,30035
MT, Hill,4,30041
MT, Jefferson,4,30043
MT, Judith Basin,2,30045
MT, Lake,2,30047
MT, Lewis And Clark,6,NA
MT, Liberty,2,30051
MT, Lincoln,2,30053
MT, Madison,4,30057
MT, Missoula,4,30063
MT, Musselshell,2,30065
MT, Park,6,30067
MT, Pondera,2,30073
MT, Powder River,2,30075
MT, Powell,2,30077
MT, Ravalli,4,30081
MT, Richland,2,30083
MT, Roosevelt,2,30085
MT, Rosebud,6,30087
MT, Sanders,6,30089
MT, Sheridan,4,30091
MT, Stillwater,2,30095
MT, Treasure,2,30103
MT, Valley,2,30105
MT, Wheatland,2,30107
MT, Yellowstone,6,30111
NC, Alamance,4,37001
NC, Alexander,2,37003
NC, Alleghany,2,37005
NC, Anson,2,37007
NC, Beaufort,2,37013
NC, Bertie,2,37015
NC, Brunswick,2,37019
NC, Buncombe,2,37021
NC, Burke,2,37023
NC, Cabarrus,4,37025
NC, Caldwell,4,37027
NC, Carteret,10,37031
NC, Catawba,4,37035
NC, Chatham,2,37037
NC, Cherokee,4,37039
NC, Chowan,2,37041
NC, Cleveland,4,37045
NC, Columbus,4,37047
NC, Craven,4,37049
NC, Cumberland,2,37051
NC, Currituck,8,37053
NC, Dare,2,37055
NC, Davidson,4,37057
NC, Duplin,2,37061
NC, Durham,2,37063
NC, Edgecombe,4,37065
NC, Forsyth,6,37067
NC, Franklin,2,37069
NC, Gaston,4,37071
NC, Granville,2,37077
NC, Guilford,4,37081
NC, Halifax,4,37083
NC, Harnett,2,37085
NC, Haywood,4,37087
NC, Hertford,2,37091
NC, Hoke,2,37093
NC, Hyde,2,37095
NC, Iredell,4,37097
NC, Jackson,4,37099
NC, Johnston,4,37101
NC, Jones,2,37103
NC, Lee,2,37105
NC, Lincoln,2,37109
NC, Macon,4,37113
NC, Madison,2,37115
NC, Martin,2,37117
NC, Mcdowell,2,NA
NC, Mecklenburg,8,37119
NC, Montgomery,2,37123
NC, Moore,6,37125
NC, New Hanover,6,37129
NC, Northampton,4,37131
NC, Onslow,12,37133
NC, Orange,4,37135
NC, Perquimans,2,37143
NC, Person,2,37145
NC, Pitt,2,37147
NC, Randolph,10,37151
NC, Richmond,4,37153
NC, Robeson,4,37155
NC, Rockingham,4,37157
NC, Rowan,2,37159
NC, Rutherford,4,37161
NC, Scotland,4,37165
NC, Stanly,4,37167
NC, Stokes,2,37169
NC, Surry,6,37171
NC, Union,2,37179
NC, Wake,12,37183
NC, Warren,2,37185
NC, Watauga,6,37189
NC, Wilson,6,37195
NC, Yancey,2,37199
ND, Adams,2,38001
ND, Barnes,4,38003
ND, Bowman,2,38011
ND, Cass,4,38017
ND, Cavalier,2,38019
ND, Dickey,2,38021
ND, Eddy,2,38027
ND, Emmons,2,38029
ND, Foster,2,38031
ND, Grand Forks,4,38035
ND, Griggs,2,38039
ND, Mchenry,2,NA
ND, Morton,2,38059
ND, Nelson,2,38063
ND, Pierce,2,38069
ND, Ramsey,4,38071
ND, Ransom,2,38073
ND, Richland,2,38077
ND, Sheridan,2,38083
ND, Stark,2,38089
ND, Stutsman,4,38093
ND, Towner,2,38095
ND, Walsh,4,38099
ND, Ward,8,38101
ND, Williams,4,38105
NE, Banner,2,31007
NE, Boone,2,31011
NE, Box Butte,4,31013
NE, Boyd,2,31015
NE, Buffalo,4,31019
NE, Butler,4,31023
NE, Chase,2,31029
NE, Cherry,6,31031
NE, Cheyenne,2,31033
NE, Colfax,2,31037
NE, Custer,2,31041
NE, Dawes,4,31045
NE, Dawson,4,31047
NE, Dixon,2,31051
NE, Dodge,4,31053
NE, Douglas,10,31055
NE, Fillmore,2,31059
NE, Franklin,2,31061
NE, Furnas,4,31065
NE, Gage,2,31067
NE, Garfield,2,31071
NE, Grant,2,31075
NE, Hamilton,4,31081
NE, Holt,2,31089
NE, Howard,2,31093
NE, Jefferson,4,31095
NE, Johnson,4,31097
NE, Kearney,2,31099
NE, Keith,2,31101
NE, Lancaster,4,31109
NE, Lincoln,4,31111
NE, Madison,2,31119
NE, Merrick,4,31121
NE, Nemaha,2,31127
NE, Nuckolls,2,31129
NE, Otoe,10,31131
NE, Pawnee,2,31133
NE, Perkins,2,31135
NE, Phelps,2,31137
NE, Platte,4,31141
NE, Red Willow,4,31145
NE, Richardson,4,31147
NE, Saline,2,31151
NE, Sarpy,4,31153
NE, Saunders,6,31155
NE, Scotts Bluff,2,31157
NE, Seward,6,31159
NE, Sherman,2,31163
NE, Thayer,2,31169
NE, Valley,6,31175
NE, Wayne,2,31179
NE, Webster,2,31181
NE, York,2,31185
NH, Belknap,4,33001
NH, Carroll,2,33003
NH, Cheshire,2,33005
NH, Coos,4,33007
NH, Grafton,10,33009
NH, Hillsborough,10,33011
NH, Merrimack,4,33013
NH, Rockingham,16,33015
NH, Strafford,8,33017
NH, Sullivan,6,33019
NJ, Atlantic,12,34001
NJ, Bergen,42,34003
NJ, Burlington,28,34005
NJ, Camden,30,34007
NJ, Cape May,20,34009
NJ, Cumberland,16,34011
NJ, Essex,26,34013
NJ, Gloucester,26,34015
NJ, Hudson,20,34017
NJ, Hunterdon,6,34019
NJ, Mercer,6,34021
NJ, Middlesex,26,34023
NJ, Monmouth,30,34025
NJ, Morris,24,34027
NJ, Ocean,22,34029
NJ, Passaic,10,34031
NJ, Salem,12,34033
NJ, Somerset,14,34035
NJ, Sussex,4,34037
NJ, Union,22,34039
NJ, Warren,12,34041
NM, Chaves,2,35005
NM, Colfax,4,35007
NM, De Baca,4,35011
NM, Dona Ana,14,35013
NM, Eddy,4,35015
NM, Grant,4,35017
NM, Guadalupe,2,35019
NM, Hidalgo,2,35023
NM, Lea,6,35025
NM, Lincoln,8,35027
NM, Los Alamos,2,35028
NM, Luna,2,35029
NM, Mora,10,35033
NM, Otero,6,35035
NM, Quay,2,35037
NM, Rio Arriba,16,35039
NM, Roosevelt,4,35041
NM, San Juan,12,35045
NM, San Miguel,10,35047
NM, Sandoval,6,35043
NM, Santa Fe,4,35049
NM, Sierra,4,35051
NM, Socorro,8,35053
NM, Taos,14,35055
NM, Torrance,2,35057
NM, Union,2,35059
NM, Valencia,14,35061
NV, Carson City,2,32510
NV, Churchill,2,32001
NV, Clark,10,32003
NV, Douglas,2,32005
NV, Elko,4,32007
NV, Esmeralda,4,32009
NV, Humboldt,2,32013
NV, Lincoln,2,32017
NV, Lyon,4,32019
NV, Mineral,2,32021
NV, Nye,8,32023
NV, Pershing,2,32027
NV, Storey,2,32029
NV, Washoe,6,32031
NV, White Pine,6,32033
NY, Albany,14,36001
NY, Allegany,8,36003
NY, Broome,14,36007
NY, Cattaraugus,18,36009
NY, Cayuga,14,36011
NY, Chautauqua,8,36013
NY, Chemung,4,36015
NY, Chenango,8,36017
NY, Clinton,4,36019
NY, Columbia,6,36021
NY, Cortland,4,36023
NY, Delaware,12,36025
NY, Dutchess,14,36027
NY, Erie,26,36029
NY, Essex,6,36031
NY, Franklin,12,36033
NY, Fulton,4,36035
NY, Genesee,4,36037
NY, Greene,4,36039
NY, Hamilton,2,36041
NY, Herkimer,10,36043
NY, Jefferson,8,36045
NY, Lewis,4,36049
NY, Livingston,6,36051
NY, Macon,2,NA
NY, Madison,10,36053
NY, Monroe,16,36055
NY, Montgomery,10,36057
NY, Nassau,56,36059
NY, Niagara,14,36063
NY, Oneida,18,36065
NY, Onondaga,16,36067
NY, Ontario,6,36069
NY, Orange,16,36071
NY, Orleans,4,36073
NY, Oswego,12,36075
NY, Otsego,10,36077
NY, Putnam,4,36079
NY, Queens,8,36081
NY, Rensselaer,12,36083
NY, Rockland,18,36087
NY, Saint Lawrence,4,NA
NY, Saratoga,12,36091
NY, Schenectady,4,36093
NY, Schoharie,6,36095
NY, Schuyler,6,36097
NY, Seneca,6,36099
NY, St. Lawrence,14,36089
NY, Steuben,12,36101
NY, Suffolk,90,36103
NY, Sullivan,18,36105
NY, Tioga,10,36107
NY, Tompkins,2,36109
NY, Ulster,10,36111
NY, Warren,10,36113
NY, Washington,16,36115
NY, Wayne,10,36117
NY, Westchester,46,36119
NY, Wyoming,6,36121
NY, Yates,2,36123
OH, Adams,2,39001
OH, Allen,8,39003
OH, Ashland,4,39005
OH, Ashtabula,4,39007
OH, Athens,18,39009
OH, Auglaize,4,39011
OH, Belmont,16,39013
OH, Brown,4,39015
OH, Butler,12,39017
OH, Carroll,4,39019
OH, Champaign,4,39021
OH, Clark,2,39023
OH, Clermont,4,39025
OH, Clinton,2,39027
OH, Columbiana,8,39029
OH, Coshocton,4,39031
OH, Crawford,8,39033
OH, Cuyahoga,4,39035
OH, Darke,6,39037
OH, Defiance,4,39039
OH, Delaware,6,39041
OH, Erie,6,39043
OH, Fairfield,4,39045
OH, Fayette,2,39047
OH, Franklin,14,39049
OH, Fulton,8,39051
OH, Gallia,6,39053
OH, Geauga,4,39055
OH, Greene,6,39057
OH, Guernsey,8,39059
OH, Hamilton,6,39061
OH, Hancock,4,39063
OH, Hardin,8,39065
OH, Harrison,6,39067
OH, Henry,4,39069
OH, Highland,4,39071
OH, Hocking,4,39073
OH, Holmes,4,39075
OH, Huron,8,39077
OH, Jackson,4,39079
OH, Jefferson,8,39081
OH, Knox,4,39083
OH, Lake,8,39085
OH, Licking,8,39089
OH, Logan,2,39091
OH, Lorain,10,39093
OH, Lucas,6,39095
OH, Madison,4,39097
OH, Mahoning,10,39099
OH, Marion,2,39101
OH, Medina,10,39103
OH, Meigs,6,39105
OH, Mercer,6,39107
OH, Miami,6,39109
OH, Monroe,2,39111
OH, Montgomery,6,39113
OH, Morgan,2,39115
OH, Morrow,6,39117
OH, Muskingum,14,39119
OH, NA,2,NA
OH, Noble,2,39121
OH, Ottawa,6,39123
OH, Paulding,2,39125
OH, Perry,6,39127
OH, Pickaway,2,39129
OH, Pike,6,39131
OH, Portage,12,39133
OH, Preble,2,39135
OH, Putnam,2,39137
OH, Richland,8,39139
OH, Sandusky,6,39143
OH, Scioto,2,39145
OH, Seneca,4,39147
OH, Shelby,4,39149
OH, Stark,18,39151
OH, Summit,18,39153
OH, Trumbull,12,39155
OH, Tuscarawas,16,39157
OH, Union,4,39159
OH, Van Wert,4,39161
OH, Vinton,4,39163
OH, Warren,12,39165
OH, Washington,8,39167
OH, Wayne,4,39169
OH, Williams,4,39171
OH, Wood,10,39173
OH, Wyandot,4,39175
OK, Adair,2,40001
OK, Atoka,2,40005
OK, Beckham,4,40009
OK, Blaine,2,40011
OK, Bryan,2,40013
OK, Caddo,2,40015
OK, Canadian,4,40017
OK, Cherokee,2,40021
OK, Cleveland,4,40027
OK, Coal,2,40029
OK, Craig,2,40035
OK, Creek,8,40037
OK, Custer,6,40039
OK, Delaware,2,40041
OK, Garfield,4,40047
OK, Garvin,2,40049
OK, Greer,2,40055
OK, Harmon,2,40057
OK, Haskell,2,40061
OK, Hughes,2,40063
OK, Jackson,2,40065
OK, Jefferson,2,40067
OK, Kay,6,40071
OK, Kingfisher,2,40073
OK, Kiowa,2,40075
OK, Latimer,2,40077
OK, Le Flore,2,40079
OK, Lincoln,2,40081
OK, Logan,4,40083
OK, Love,2,40085
OK, Marshall,2,40095
OK, Mcclain,4,NA
OK, Mccurtain,2,NA
OK, Mcintosh,2,NA
OK, Murray,2,40099
OK, Muskogee,6,40101
OK, Noble,2,40103
OK, Nowata,2,40105
OK, Okfuskee,4,40107
OK, Oklahoma,4,40109
OK, Okmulgee,2,40111
OK, Osage,2,40113
OK, Ottawa,8,40115
OK, Payne,4,40119
OK, Pittsburg,4,40121
OK, Pontotoc,2,40123
OK, Pottawatomie,4,40125
OK, Pushmataha,2,40127
OK, Rogers,4,40131
OK, Seminole,4,40133
OK, Sequoyah,2,40135
OK, Stephens,4,40137
OK, Texas,2,40139
OK, Tillman,2,40141
OK, Tulsa,6,40143
OK, Wagoner,2,40145
OK, Washington,2,40147
OK, Washita,2,40149
OK, Woods,2,40151
OK, Woodward,4,40153
OR, Baker,4,41001
OR, Benton,2,41003
OR, Clackamas,6,41005
OR, Clatsop,2,41007
OR, Columbia,2,41009
OR, Coos,4,41011
OR, Crook,2,41013
OR, Curry,2,41015
OR, Deschutes,8,41017
OR, Douglas,2,41019
OR, Harney,2,41025
OR, Hood River,2,41027
OR, Jackson,4,41029
OR, Jefferson,2,41031
OR, Josephine,2,41033
OR, Klamath,2,41035
OR, Lake,4,41037
OR, Lane,8,41039
OR, Lincoln,4,41041
OR, Linn,8,41043
OR, Malheur,2,41045
OR, Marion,6,41047
OR, Multnomah,2,41051
OR, Tillamook,2,41057
OR, Umatilla,8,41059
OR, Union,2,41061
OR, Wallowa,2,41063
OR, Wasco,2,41065
OR, Washington,2,41067
OR, Yamhill,4,41071
PA, Adams,6,42001
PA, Allegheny,42,42003
PA, Armstrong,10,42005
PA, Beaver,14,42007
PA, Bedford,6,42009
PA, Berks,20,42011
PA, Blair,14,42013
PA, Bradford,10,42015
PA, Bucks,26,42017
PA, Butler,4,42019
PA, Cambria,16,42021
PA, Cameron,4,42023
PA, Carbon,10,42025
PA, Centre,14,42027
PA, Chester,24,42029
PA, Clarion,14,42031
PA, Clearfield,16,42033
PA, Clinton,6,42035
PA, Columbia,6,42037
PA, Crawford,10,42039
PA, Cumberland,6,42041
PA, Dauphin,8,42043
PA, Delaware,24,42045
PA, Elk,6,42047
PA, Erie,10,42049
PA, Fayette,18,42051
PA, Franklin,12,42055
PA, Greene,6,42059
PA, Huntingdon,8,42061
PA, Indiana,4,42063
PA, Jefferson,16,42065
PA, Juniata,4,42067
PA, Lackawanna,12,42069
PA, Lancaster,18,42071
PA, Lawrence,2,42073
PA, Lebanon,16,42075
PA, Lehigh,16,42077
PA, Luzerne,14,42079
PA, Lycoming,4,42081
PA, Mckean,8,NA
PA, Mercer,8,42085
PA, Mifflin,8,42087
PA, Monroe,8,42089
PA, Montgomery,54,42091
PA, Montour,2,42093
PA, Northampton,14,42095
PA, Northumberland,8,42097
PA, Perry,6,42099
PA, Pike,2,42103
PA, Potter,8,42105
PA, Schuylkill,22,42107
PA, Snyder,2,42109
PA, Somerset,8,42111
PA, Susquehanna,4,42115
PA, Tioga,12,42117
PA, Union,2,42119
PA, Venango,4,42121
PA, Warren,4,42123
PA, Washington,26,42125
PA, Wayne,8,42127
PA, Westmoreland,34,42129
PA, Wyoming,6,42131
PA, York,16,42133
PR, Aguadilla,4,72005
PR, Arecibo,10,72013
PR, Bayamon,2,NA
PR, Guayama,12,72057
PR, Gurabo,2,72063
PR, Humacao,10,72069
PR, Mayaguez,6,72097
RI, Bristol,4,44001
RI, Kent,4,44003
RI, Newport,4,44005
RI, Providence,12,44007
RI, Washington,6,44009
SC, Aiken,4,45003
SC, Allendale,2,45005
SC, Anderson,2,45007
SC, Bamberg,2,45009
SC, Barnwell,4,45011
SC, Beaufort,4,45013
SC, Berkeley,6,45015
SC, Charleston,10,45019
SC, Cherokee,2,45021
SC, Chesterfield,4,45025
SC, Clarendon,2,45027
SC, Colleton,4,45029
SC, Darlington,4,45031
SC, Dillon,2,45033
SC, Dorchester,2,45035
SC, Fairfield,2,45039
SC, Georgetown,6,45043
SC, Greenville,12,45045
SC, Greenwood,2,45047
SC, Horry,6,45051
SC, Jasper,4,45053
SC, Kershaw,2,45055
SC, Lancaster,2,45057
SC, Laurens,2,45059
SC, Lee,2,45061
SC, Lexington,10,45063
SC, Marion,4,45067
SC, Marlboro,2,45069
SC, Mccormick,2,NA
SC, Newberry,2,45071
SC, Oconee,2,45073
SC, Orangeburg,8,45075
SC, Pickens,2,45077
SC, Spartanburg,6,45083
SC, Union,2,45087
SC, Williamsburg,2,45089
SC, York,6,45091
SD, Beadle,4,46005
SD, Brookings,4,46011
SD, Brown,8,46013
SD, Brule,2,46015
SD, Butte,2,46019
SD, Clay,2,46027
SD, Codington,2,46029
SD, Corson,4,46031
SD, Custer,2,46033
SD, Day,2,46037
SD, Fall River,4,46047
SD, Grant,2,46051
SD, Gregory,2,46053
SD, Jackson,2,46071
SD, Jerauld,2,46073
SD, Lake,6,46079
SD, Lawrence,6,46081
SD, Lyman,2,46085
SD, Marshall,4,46091
SD, Meade,2,46093
SD, Miner,2,46097
SD, Minnehaha,4,46099
SD, Moody,2,46101
SD, Pennington,10,46103
SD, Perkins,2,46105
SD, Shannon,8,46113
SD, Spink,6,46115
SD, Todd,2,46121
SD, Tripp,4,46123
SD, Turner,2,46125
SD, Union,2,46127
SD, Walworth,2,46129
TN, Anderson,4,47001
TN, Benton,2,47005
TN, Bradley,2,47011
TN, Campbell,4,47013
TN, Carroll,8,47017
TN, Carter,2,47019
TN, Cheatham,4,47021
TN, Cocke,2,47029
TN, Coffee,6,47031
TN, Cumberland,2,47035
TN, Davidson,10,47037
TN, De Kalb,2,NA
TN, Dickson,4,47043
TN, Dyer,2,47045
TN, Franklin,4,47051
TN, Gibson,8,47053
TN, Giles,4,47055
TN, Grainger,2,47057
TN, Greene,2,47059
TN, Grundy,2,47061
TN, Hamilton,4,47065
TN, Hardeman,4,47069
TN, Hardin,6,47071
TN, Hawkins,4,47073
TN, Haywood,2,47075
TN, Henderson,2,47077
TN, Henry,4,47079
TN, Humphreys,2,47085
TN, Jefferson,4,47089
TN, Knox,2,47093
TN, Lake,4,47095
TN, Lauderdale,2,47097
TN, Lawrence,4,47099
TN, Lincoln,2,47103
TN, Loudon,2,47105
TN, Macon,2,47111
TN, Madison,4,47113
TN, Marion,2,47115
TN, Marshall,4,47117
TN, Maury,8,47119
TN, Mcnairy,2,NA
TN, Monroe,4,47123
TN, Montgomery,2,47125
TN, Obion,2,47131
TN, Overton,2,47133
TN, Perry,2,47135
TN, Polk,2,47139
TN, Putnam,8,47141
TN, Roane,4,47145
TN, Robertson,2,47147
TN, Rutherford,6,47149
TN, Scott,4,47151
TN, Sevier,2,47155
TN, Shelby,14,47157
TN, Smith,2,47159
TN, Sullivan,2,47163
TN, Sumner,4,47165
TN, Tipton,4,47167
TN, Unicoi,2,47171
TN, Union,2,47173
TN, Warren,2,47177
TN, Weakley,8,47183
TN, White,2,47185
TN, Williamson,4,47187
TN, Wilson,4,47189
TX, Anderson,6,48001
TX, Andrews,2,48003
TX, Angelina,6,48005
TX, Aransas,2,48007
TX, Bastrop,4,48021
TX, Baylor,2,48023
TX, Bee,2,48025
TX, Bell,6,48027
TX, Bexar,2,48029
TX, Blanco,2,48031
TX, Bosque,2,48035
TX, Bowie,4,48037
TX, Brazoria,18,48039
TX, Brazos,2,48041
TX, Brown,2,48049
TX, Burleson,2,48051
TX, Burnet,2,48053
TX, Caldwell,4,48055
TX, Cameron,4,48061
TX, Cass,4,48067
TX, Cherokee,4,48073
TX, Childress,4,48075
TX, Coleman,2,48083
TX, Collin,14,48085
TX, Collingsworth,2,48087
TX, Comal,4,48091
TX, Cooke,2,48097
TX, Coryell,4,48099
TX, Crane,2,48103
TX, Crosby,2,48107
TX, Dallas,22,48113
TX, Dawson,2,48115
TX, De Witt,4,48123
TX, Deaf Smith,2,48117
TX, Delta,2,48119
TX, Denton,10,48121
TX, Dimmit,2,48127
TX, Eastland,6,48133
TX, Ellis,6,48139
TX, Erath,2,48143
TX, Falls,2,48145
TX, Fannin,4,48147
TX, Fayette,2,48149
TX, Fort Bend,14,48157
TX, Freestone,2,48161
TX, Galveston,14,48167
TX, Gillespie,2,48171
TX, Gonzales,2,48177
TX, Gray,2,48179
TX, Grayson,6,48181
TX, Gregg,4,48183
TX, Grimes,2,48185
TX, Guadalupe,6,48187
TX, Hale,4,48189
TX, Hall,2,48191
TX, Hamilton,2,48193
TX, Hardeman,2,48197
TX, Hardin,2,48199
TX, Harris,28,48201
TX, Harrison,2,48203
TX, Haskell,2,48207
TX, Hays,6,48209
TX, Henderson,4,48213
TX, Hidalgo,10,48215
TX, Hockley,4,48219
TX, Hood,2,48221
TX, Hopkins,2,48223
TX, Houston,4,48225
TX, Howard,2,48227
TX, Hunt,2,48231
TX, Hutchinson,2,48233
TX, Jasper,2,48241
TX, Jefferson,4,48245
TX, Jim Wells,2,48249
TX, Johnson,8,48251
TX, Jones,4,48253
TX, Karnes,2,48255
TX, Kaufman,6,48257
TX, Kendall,2,48259
TX, Kerr,4,48265
TX, Kleberg,4,48273
TX, Lamb,2,48279
TX, Lampasas,2,48281
TX, Lavaca,2,48285
TX, Lee,4,48287
TX, Leon,2,48289
TX, Liberty,6,48291
TX, Limestone,4,48293
TX, Lubbock,8,48303
TX, Matagorda,2,48321
TX, Maverick,2,48323
TX, Mcculloch,2,NA
TX, Mclennan,6,NA
TX, Medina,2,48325
TX, Milam,4,48331
TX, Mitchell,2,48335
TX, Montague,4,48337
TX, Montgomery,10,48339
TX, Moore,2,48341
TX, Morris,4,48343
TX, Nacogdoches,2,48347
TX, Navarro,2,48349
TX, Nolan,2,48353
TX, Nueces,2,48355
TX, Orange,4,48361
TX, Panola,2,48365
TX, Parker,2,48367
TX, Polk,4,48373
TX, Randall,2,48381
TX, Red River,2,48387
TX, Reeves,2,48389
TX, Refugio,2,48391
TX, Robertson,2,48395
TX, Rockwall,2,48397
TX, Runnels,2,48399
TX, Rusk,2,48401
TX, San Patricio,2,48409
TX, Scurry,2,48415
TX, Smith,2,48423
TX, Stephens,2,48429
TX, Tarrant,16,48439
TX, Taylor,4,48441
TX, Tom Green,2,48451
TX, Travis,2,48453
TX, Trinity,2,48455
TX, Tyler,6,48457
TX, Upshur,4,48459
TX, Upton,2,48461
TX, Uvalde,2,48463
TX, Val Verde,2,48465
TX, Walker,2,48471
TX, Waller,2,48473
TX, Ward,2,48475
TX, Webb,2,48479
TX, Wharton,4,48481
TX, Wheeler,2,48483
TX, Wichita,8,48485
TX, Wilbarger,2,48487
TX, Willacy,2,48489
TX, Williamson,10,48491
TX, Wilson,2,48493
TX, Wise,2,48497
TX, Wood,2,48499
TX, Young,2,48503
UT, Beaver,1,49001
UT, Box Elder,1,49003
UT, Cache,4,49005
UT, Carbon,2,49007
UT, Daggett,1,49009
UT, Davis,5,49011
UT, Duchesne,1,49013
UT, Garfield,1,49017
UT, Iron,1,49021
UT, Juab,1,49023
UT, Rich,2,49033
UT, Salt Lake,6,49035
UT, Sanpete,1,49039
UT, Sevier,1,49041
UT, Tooele,1,49045
UT, Uintah,2,49047
UT, Utah,11,49049
UT, Wasatch,1,49051
UT, Washington,3,49053
UT, Weber,2,49057
VA, Accomack,8,51001
VA, Albemarle,8,51003
VA, Alexandria,2,51510
VA, Alleghany,2,51005
VA, Amelia,2,51007
VA, Arlington,6,51013
VA, Augusta,2,51015
VA, Bedford,4,51515
VA, Brunswick,2,51025
VA, Buchanan,2,51027
VA, Buckingham,2,51029
VA, Campbell,4,51031
VA, Caroline,2,51033
VA, Carroll,4,51035
VA, Charlottesville,2,51540
VA, Chesterfield,6,51041
VA, Clarke,2,51043
VA, Culpeper,6,51047
VA, Cumberland,2,51049
VA, Dickenson,2,51051
VA, Dinwiddie,2,51053
VA, Fairfax,12,51600
VA, Fauquier,8,51061
VA, Floyd,2,51063
VA, Franklin,4,51067
VA, Frederick,2,51069
VA, Galax,2,51640
VA, Giles,2,51071
VA, Gloucester,2,51073
VA, Grayson,2,51077
VA, Greene,2,51079
VA, Greensville,2,51081
VA, Halifax,2,51083
VA, Hanover,8,51085
VA, Henrico,2,51087
VA, Henry,2,51089
VA, Highland,2,51091
VA, Independent City,40,NA
VA, Isle Of Wight,4,NA
VA, King George,6,51099
VA, King William,2,51101
VA, Loudoun,8,51107
VA, Louisa,2,51109
VA, Lynchburg,4,51680
VA, Madison,4,51113
VA, Martinsville,2,51690
VA, Mathews,2,51115
VA, Mecklenburg,4,51117
VA, Montgomery,6,51121
VA, New Kent,2,51127
VA, Northampton,2,51131
VA, Norton,2,51720
VA, Nottoway,2,51135
VA, Orange,2,51137
VA, Page,2,51139
VA, Patrick,6,51141
VA, Pittsylvania,2,51143
VA, Powhatan,2,51145
VA, Prince George,6,51149
VA, Prince William,8,51153
VA, Pulaski,4,51155
VA, Rappahannock,2,51157
VA, Roanoke,2,51770
VA, Rockbridge,2,51163
VA, Rockingham,2,51165
VA, Shenandoah,14,51171
VA, Smyth,2,51173
VA, Southampton,2,51175
VA, Spotsylvania,4,51177
VA, Stafford,2,51179
VA, Sullivan,2,NA
VA, Sussex,2,51183
VA, Tazewell,8,51185
VA, Warren,2,51187
VA, Washington,4,51191
VA, Westmoreland,2,51193
VA, Wise,4,51195
VA, Wythe,2,51197
VI, Virgin Islands U,8,NA
VT, Addison,2,50001
VT, Bennington,2,50003
VT, Caledonia,2,50005
VT, Chittenden,6,50007
VT, Orleans,2,50019
VT, Rutland,4,50021
VT, Washington,4,50023
VT, Windham,6,50025
VT, Windsor,6,50027
WA, Adams,2,53001
WA, Asotin,2,53003
WA, Benton,4,53005
WA, Clallam,4,53009
WA, Clark,8,53011
WA, Columbia,2,53013
WA, Cowlitz,4,53015
WA, Grant,2,53025
WA, Grays Harbor,6,53027
WA, Island,4,53029
WA, Jefferson,2,53031
WA, King,14,53033
WA, Kitsap,8,53035
WA, Lewis,6,53041
WA, Mason,2,53045
WA, Okanogan,4,53047
WA, Pacific,4,53049
WA, Pend Oreille,2,53051
WA, Pierce,10,53053
WA, San Juan,2,53055
WA, Skagit,8,53057
WA, Snohomish,6,53061
WA, Stevens,2,53065
WA, Thurston,4,53067
WA, Wahkiakum,2,53069
WA, Walla Walla,2,53071
WA, Whatcom,6,53073
WA, Whitman,6,53075
WA, Yakima,12,53077
WI, Ashland,2,55003
WI, Barron,6,55005
WI, Bayfield,2,55007
WI, Brown,2,55009
WI, Calumet,2,55015
WI, Chippewa,2,55017
WI, Clark,2,55019
WI, Columbia,10,55021
WI, Crawford,2,55023
WI, Dane,6,55025
WI, Dodge,4,55027
WI, Door,2,55029
WI, Douglas,4,55031
WI, Fond Du Lac,6,NA
WI, Grant,6,55043
WI, Green,2,55045
WI, Green Lake,2,55047
WI, Iowa,2,55049
WI, Jackson,2,55053
WI, Jefferson,6,55055
WI, Juneau,2,55057
WI, Kenosha,4,55059
WI, Kewaunee,2,55061
WI, La Crosse,10,55063
WI, Lafayette,2,55065
WI, Langlade,4,55067
WI, Lincoln,2,55069
WI, Manitowoc,4,55071
WI, Marathon,2,55073
WI, Milwaukee,2,55079
WI, Monroe,4,55081
WI, Oconto,2,55083
WI, Outagamie,6,55087
WI, Ozaukee,8,55089
WI, Pierce,8,55093
WI, Polk,2,55095
WI, Portage,2,55097
WI, Price,6,55099
WI, Racine,4,55101
WI, Richland,2,55103
WI, Rock,4,55105
WI, Rusk,2,55107
WI, Sauk,2,55111
WI, Sawyer,4,55113
WI, Shawano,2,55115
WI, Sheboygan,4,55117
WI, St. Croix,2,55109
WI, Vernon,2,55123
WI, Vilas,2,55125
WI, Walworth,10,55127
WI, Washington,8,55131
WI, Waukesha,4,55133
WI, Waupaca,4,55135
WI, Winnebago,6,55139
WI, Wood,4,55141
WV, Barbour,2,54001
WV, Boone,4,54005
WV, Braxton,6,54007
WV, Brooke,2,54009
WV, Cabell,4,54011
WV, Calhoun,2,54013
WV, Fayette,14,54019
WV, Gilmer,6,54021
WV, Grant,4,54023
WV, Greenbrier,8,54025
WV, Hampshire,2,54027
WV, Hancock,2,54029
WV, Hardy,2,54031
WV, Harrison,10,54033
WV, Jackson,8,54035
WV, Jefferson,6,54037
WV, Kanawha,16,54039
WV, Lewis,4,54041
WV, Lincoln,2,54043
WV, Logan,8,54045
WV, Marion,6,54049
WV, Marshall,2,54051
WV, Mason,4,54053
WV, Mercer,2,54055
WV, Mineral,2,54057
WV, Mingo,12,54059
WV, Monongalia,2,54061
WV, Monroe,4,54063
WV, Nicholas,4,54067
WV, Pleasants,2,54073
WV, Pocahontas,4,54075
WV, Preston,2,54077
WV, Putnam,4,54079
WV, Raleigh,6,54081
WV, Randolph,2,54083
WV, Roane,6,54087
WV, Summers,2,54089
WV, Taylor,4,54091
WV, Tucker,2,54093
WV, Tyler,2,54095
WV, Upshur,2,54097
WV, Wayne,6,54099
WV, Webster,4,54101
WV, Wetzel,6,54103
WV, Wyoming,2,54109
WY, Albany,2,56001
WY, Big Horn,8,56003
WY, Campbell,6,56005
WY, Carbon,8,56007
WY, Converse,2,56009
WY, Crook,4,56011
WY, Fremont,16,56013
WY, Goshen,2,56015
WY, Hot Springs,2,56017
WY, Johnson,4,56019
WY, Laramie,2,56021
WY, Lincoln,4,56023
WY, Natrona,6,56025
WY, Niobrara,2,56027
WY, Park,8,56029
WY, Platte,6,56031
WY, Sheridan,8,56033
WY, Sublette,4,56035
WY, Sweetwater,10,56037
WY, Teton,6,56039
WY, Uinta,6,56041
WY, Washakie,2,56043
WY, Weston,2,56045
NA,110,NA
